source_id,ra,ra_error,dec,dec_error,parallax,parallax_error,pmra,pmra_error,pmdec,pmdec_error,ruwe,phot_g_mean_mag,phot_bp_mean_mag,phot_rp_mean_mag,phot_g_mean_mag_error,phot_bp_mean_mag_error,phot_rp_mean_mag_error,ps1_id,g,r,i,z,g_err,r_err,i_err,z_err,kine_prob,main_seq,multiple,bright,ra2k,de2k
329809787041917696,32.66931242445101,0.03828685,36.46268195767878,0.040624928,2.3908396799137535,0.047423836,9.31448814383362,0.050708637,-12.38919848724257,0.07065279,1.0380852,15.798291,16.63408,14.894795,0.00052502574319,0.0047600149125844,0.0020040943049781,151750326693085847,16.9901008605957,15.8515996932983,15.2814998626709,15.0334997177124,0.0054089999757707,0.0055630002170801,0.0011239999439567,0.0018240000354126,0.8906666666666667,1,0,0,32.66926095033528,36.46273702077213
330064186544652160,30.262116566972047,0.06384063,35.63248850996543,0.06201029,2.3854128400162966,0.07362082,9.772438805671458,0.08536212,-10.898504076167498,0.088809356,1.0230806,16.75803,17.849266,15.713059,0.0009239204146856,0.0125540240926579,0.003689628574529,150750302620979610,18.2628002166748,16.9878005981445,16.1252994537354,15.7433996200562,0.0036329999566078,0.0030690000858157,0.0023680001031607,0.0036579999141395,0.611,1,0,0,30.262063128658166,35.63253694774952
330656887736027520,32.13312630362462,0.15327215,37.3549463764562,0.18813455,2.3654224649050604,0.19462278,9.26746820055477,0.21504799,-11.462479392711844,0.27302095,0.9833545,18.648996,19.960497,17.49079,0.0024815626729949,0.0580698712755683,0.0136550740536054,152820321331056583,19.9013996124268,19.1781005859375,17.9328002929688,17.3679008483887,3.9999998989515e-05,0.00987199973315,0.0047220000997185,0.006095000077039,0.6903333333333334,1,0,0,32.133074486803224,37.35499732079775
330848683795258624,30.38622612132936,0.20455323,37.44533888062167,0.15724039,2.2979944126837344,0.2481615,9.64249600479321,0.24671268,-11.430760293149152,0.24171086,1.0386028,18.406845,19.607449,17.232822,0.0022654831825169,0.0521386591342941,0.0127749252118064,152930303861735058,20.1639995574951,18.9087009429932,17.7105007171631,17.1574993133545,0.0266200006008148,0.0074249999597668,0.0055780000984668,0.0032959999516606,0.8196666666666667,1,0,0,30.386172142559683,37.44538968398847
330864042598854400,30.02243817092767,0.27362087,37.62765986213663,0.18502656,2.1959452528806778,0.2414993,9.351256925329068,0.31994608,-11.318558298910808,0.273358,1.0884289,18.59248,20.075588,17.426638,0.0025575698333695,0.0683906888476296,0.0136472916873032,153150300224133853,20.3668994903564,19.1259994506836,17.8946990966797,17.3449993133545,0.0163969993591309,0.0070859999395906,0.0052820001728832,0.0056159999221563,0.6953333333333334,1,0,0,30.022385694371604,37.62771016682856
330817175915885824,29.974376479342205,0.13392998,37.159460726412114,0.14165771,2.4391128601235637,0.1616608,9.634434962102116,0.19280776,-11.935382626776995,0.21339488,0.9300718,18.387869,19.882103,17.2396,0.0020392953348854,0.0534642703038152,0.0105893520107371,152590299743631998,20.1450996398926,18.9165992736816,17.6746997833252,17.1191997528076,0.0314889997243881,0.0073230001144111,0.0031640001107007,0.0037380000576376,0.9366666666666666,1,0,0,29.974322750327744,37.15951377254501
330992036920159872,31.206136590231605,0.06120233,38.309004637444666,0.05707717,2.3279854765636663,0.07720566,10.392996215877034,0.078004666,-11.975466171391336,0.076667674,1.0049773,16.684008,17.716036,15.675057,0.0008285371177087,0.0083862911465713,0.002766402663362,153970312061301446,18.0835990905762,16.8596992492676,16.0823993682861,15.7206001281738,0.0050429999828338,0.0027819999959319,0.0034719998948276,0.0016420000465586,0.998,1,0,0,31.206077723955353,38.30905786172404
342909845316110336,29.315808479237926,0.23349309,37.73702507708361,0.2040974,2.3900323248218083,0.3024281,9.887178996330588,0.2956985,-11.726258817476984,0.27796054,0.96694,18.299839,19.572878,17.15867,0.0024054134904232,0.0493013775938569,0.0120660556462808,153280293157795082,20.0529003143311,18.8036994934082,17.6014003753662,17.0755004882813,0.0261850003153086,0.0048870001919567,0.0046660001389682,0.0031689999159425,0.762,1,0,0,29.315752913377896,37.73707719377643
343154387869657600,29.135736213139737,0.033816066,38.37295789884793,0.034596603,2.349633029525372,0.039327353,9.777764830143344,0.04268428,-11.539890358855004,0.04765666,1.1284251,15.500922,16.269125,14.63893,0.0004488740717931,0.0036389267076997,0.0016971581031439,154040291357128208,16.5897998809814,15.5159997940063,15.0329999923706,14.7936000823975,0.0044490001164376,0.0039789997972548,0.0019680000841617,0.0023880000226199,1.0,1,0,0,29.13568078264264,38.37300918723648
343157785188237312,29.09916431044178,0.12588695,38.44241107549663,0.11483118,2.2319681030169787,0.13377982,10.536856291226062,0.1785724,-12.01566351251348,0.1686121,0.9210841,18.191034,19.688438,16.992947,0.0018088259669556,0.0452169234501609,0.0095399183680537,154130290991391545,20.069299697876,18.7768993377686,17.4783000946045,16.889799118042,0.0217000003904104,0.0087559996172785,0.0018479999853298,0.0049020000733435,0.8653333333333333,1,0,0,29.099104519192572,38.442464478430374
342346208167398144,27.84598027603957,0.1235847,36.16934481226199,0.102094844,2.1288489780592013,0.14778598,10.094382240546434,0.13109516,-12.309862884632611,0.144038,1.0093521,17.660149,18.90657,16.561054,0.0014365053603572,0.027546120414723,0.0071002018313206,151400278459453874,19.31369972229,18.0559997558594,16.9897003173828,16.5088005065918,0.0140920002013445,0.005832000169903,0.0033410000614821,0.0045429999008774,0.6973333333333334,1,0,0,27.845924701562204,36.169399522750865
342535873923364224,29.03739086540269,0.1009205,37.6227310742333,0.09752259,2.1266174970663796,0.12223344,10.16872063409438,0.12775417,-11.775256899821706,0.145299,0.91296214,17.68864,18.931662,16.600702,0.0014253271894109,0.0288205160882685,0.0079881190470488,153140290373607924,19.3355007171631,18.0870990753174,17.0291004180908,16.555700302124,0.0060809999704361,0.0045549999922514,0.0056090001016855,0.0026350000407546,0.9223333333333332,1,0,0,29.03733380525821,37.622783408694666
342544876174824960,28.672158785689557,0.06196088,37.633014186896766,0.07022504,2.33119086359638,0.07788895,9.747507031900716,0.08537379,-11.63387270086653,0.10894901,1.086806,17.063309,18.171043,16.029903,0.0009392370557968,0.0134177952446856,0.0041527020165676,153160286721320252,18.5625,17.2887992858887,16.4405994415283,16.0587005615234,0.0093480003997683,0.0036820000968873,0.0035029998980462,0.0057930001057684,1.0,1,0,0,28.67210408155013,37.63306589298502
342823675388286464,27.82979773140263,0.22391346,38.26102723234938,0.2003178,2.15662225640175,0.27242854,9.947184659055276,0.2701617,-11.2438408986217,0.24447566,0.9163422,18.912718,20.346205,17.730299,0.0031674669742,0.0897090961991273,0.0185630609249788,153910278297353884,20.7210006713867,19.4713001251221,18.1797008514404,17.5715007781982,0.0324480012059212,0.0108489999547601,0.0034250000026077,0.0061059999279677,0.5703333333333334,1,0,0,27.829741427447125,38.26107720496215
342860131070506624,29.230493391394266,0.06243802,37.57816927366668,0.06587879,2.229425613442268,0.08028638,9.640298146343174,0.08883603,-12.00577031394988,0.116829254,1.0929999,16.687607,17.714674,15.688408,0.0008903019415034,0.0113435514332905,0.003624724611066,153090292304564449,18.1054992675781,16.8589000701904,16.0916996002197,15.7534999847412,0.0071270000189542,0.0026529999449849,0.0020900000818073,0.0041669998317956,0.9993333333333332,1,0,0,29.230439328798045,37.578222632633526
330795769798025216,30.54969585251184,0.046032704,37.22801899378777,0.038528427,2.1879333563957037,0.05083987,9.420478054193266,0.052307937,-12.175416943660256,0.05742763,0.959048,15.927468,16.755634,15.0372095,0.0005346000929509,0.0052969716395157,0.0021516627063447,152670305496534268,17.1098003387451,15.9579000473022,15.4247999191284,15.1823997497559,0.0022789998911321,0.0042869998142123,0.0038680001161992,0.003703000023961,1.0,1,0,0,30.5496432689585,37.22807310674035
342862463236833152,29.353943733765423,0.15217985,37.666972750354816,0.1387049,2.152575034904439,0.21212961,9.812380757823554,0.21588755,-11.951028958428845,0.23694615,1.007235,18.209251,19.532318,17.074366,0.0020541149650553,0.0493150470893696,0.0116494224916688,153200293539051023,19.9484996795654,18.7031993865967,17.5174999237061,17.0013999938965,0.0342140011489391,0.004499000031501,0.0037990000564605,0.0048969998024404,0.8363333333333334,1,0,0,29.353888640359997,37.667025866026265
342935855638337408,29.249288969856863,0.21430221,38.07959886999102,0.25970572,2.2648408039259538,0.2759858,9.433933234450825,0.32165378,-11.672537887254284,0.5144509,0.9780202,18.947905,20.502634,17.705141,0.0029696419638837,0.0912356774028734,0.0163942151525448,153690292492796164,20.941499710083,19.7441005706787,18.2061004638672,17.5030994415283,0.0324570015072823,0.0133649995550513,0.0060029998421669,0.0051750000566244,0.703,1,0,0,29.249235703805013,38.079650747925164
342532678467673088,29.12532685818297,0.17451462,37.5842932003787,0.17758602,2.0419499764216273,0.2128519,9.688538584553596,0.24069457,-12.24317727877146,0.28731447,1.1271088,18.43421,19.819317,17.294405,0.0022606314995095,0.0560764918827643,0.012345807653742,153100291253001804,20.2453002929688,18.9559001922607,17.7306995391846,17.1947994232178,0.0154170002788305,0.0054700002074241,0.0050820000469684,0.0071849999949336,0.6133333333333333,1,0,0,29.125272520585213,37.58434761448748
342858791040720128,29.241700621499028,0.07016024,37.485176763870534,0.07699435,2.2404711883195803,0.092021815,10.112565966864274,0.103580184,-11.52138293140343,0.13938919,1.0570961,17.054253,18.147247,16.007816,0.0010618934538665,0.0154025120770805,0.0045893105961594,152980292416732864,18.5694007873535,17.3166999816895,16.4244995117188,16.0287990570068,0.0080429995432496,0.0015999999595806,0.0023380001075565,0.0045219999738037,0.9986666666666668,1,0,0,29.241643981100527,37.48522797000337
342890569502955136,29.700646146112444,0.10723225,37.823607672384746,0.1043527,2.149660181281411,0.12437003,9.626901251736673,0.13221337,-11.955907154651612,0.14722027,0.98891723,17.60286,18.943485,16.436203,0.0015050228164112,0.032736242498792,0.0077647310281085,153380297006028959,19.4144992828369,18.1485004425049,16.9095001220703,16.3586006164551,0.0173310004174709,0.0074599999934434,0.005921000149101,0.0039380001835525,0.938,1,0,0,29.70059197960004,37.82366080973747
342907341351019904,29.190757187957463,0.07360346,37.613733549191025,0.070919745,2.3435769241182327,0.08435115,9.80625104975262,0.09992841,-12.085511798541962,0.11577462,0.91680574,17.016687,18.11205,15.983384,0.001094328730965,0.0158362888066447,0.0049092119859065,153130291907287130,18.5275993347168,17.2560005187988,16.3908004760742,16.0114994049072,0.0082019995898008,0.004050999879837,0.0032230000942945,0.0040409998036921,0.9996666666666668,1,0,0,29.190702168410425,37.61378726256401
342940769081135744,29.18385225872386,0.2791856,38.204651340657655,0.30521816,2.322281102815132,0.32454672,9.753234963120136,0.35801557,-11.640569308103018,0.45198995,1.1201268,19.236452,20.82946,17.960201,0.0035410052020496,0.1129177545536394,0.0188957923065091,153840291838326242,21.3959007263184,20.0972003936768,18.5053997039795,17.7649993896484,0.14690700173378,0.0183869991451502,0.0068509997799992,0.0086899995803833,0.6543333333333333,1,0,0,29.183797095358052,38.20470307650835
330881364201704832,30.959106228230013,0.11284064,37.47033832348359,0.13214211,2.384958800837365,0.1450861,9.54976911990447,0.15808931,-11.906598158392327,0.18223752,1.0443734,17.717972,18.9129,16.623083,0.0015244020762465,0.0284018671744761,0.0074636469068346,152960309591135048,19.3516006469727,18.0764007568359,17.0534000396729,16.585599899292,0.0112579995766282,0.0064409999176859,0.0033140000887215,0.0056019998155534,0.9696666666666668,1,0,0,30.959052750670484,37.47039124168558
342740730979607808,28.69749856993524,0.090013735,37.83302606444204,0.08710515,2.342081150202554,0.10223184,9.982486343204036,0.11092167,-11.812002364282076,0.12381607,1.1015061,17.242355,18.497465,16.166817,0.0011598897872274,0.0215618651928068,0.0056535961236056,153400286974780294,18.839599609375,17.6109008789063,16.6039009094238,16.1474990844727,0.0066599999554455,0.0046410001814365,0.0022529999259859,0.0031469999812543,1.0,1,0,0,28.69744239552648,37.83307856221699
342857725888824320,29.38728202736663,0.0813949,37.54150589726131,0.078970075,2.2806360498099845,0.09902404,9.889650770806515,0.0976901,-12.117573125023815,0.1065308,1.0602846,17.193245,18.421797,16.170555,0.0010948205592316,0.0191890314418104,0.0053458488171954,153050293872550462,18.7296009063721,17.4874000549316,16.5552997589111,16.1432991027832,0.0078099998645484,0.0047909999266266,0.0018319999799132,0.0051040002144873,0.9983333333333332,1,0,0,29.387226593689736,37.54155975312891
343130232973601408,29.073242994764904,0.16911319,38.29213402242714,0.16904816,2.486363857210929,0.19726819,9.898560305196405,0.22224103,-11.518397478391256,0.25946936,1.0625733,18.279718,19.76944,17.029562,0.001895468177906,0.0490822491785782,0.0089986720360252,153950290732151215,20.1168994903564,18.8684005737305,17.5300006866455,16.9283008575439,0.0238790009170771,0.0078969998285174,0.0037440001033246,0.0058309999294579,0.719,1,0,0,29.073186942028027,38.29218521529148
343139093490405888,28.704387908036495,0.28835058,38.302866867488966,0.3187826,2.2451686363475325,0.34864277,9.756932330784846,0.33088744,-11.74804311547809,0.40663937,1.078582,19.326914,20.90973,18.080336,0.0035160695059037,0.1217226434575404,0.0201949086700423,153960287043824097,21.4409999847412,20.1476001739502,18.6014995574951,17.8850994110107,0.0642379969358444,0.0223069991916418,0.0051389997825026,0.0051569999195635,0.6316666666666667,1,0,0,28.704332649124215,38.302919081000965
343208878118701056,28.466535030286114,0.07820531,38.674694115538685,0.08938829,2.2595217395336507,0.100718014,9.812703020661615,0.109472156,-11.755738988231183,0.1169839,0.9065825,17.38333,18.549278,16.322325,0.0011670099256036,0.019327373731322,0.0052181542977858,154410284664620275,18.9202003479004,17.6980991363525,16.7367992401123,16.3055992126465,0.0096880001947283,0.0043520000763237,0.0030990000814199,0.0040299999527633,0.9963333333333332,1,0,0,28.46647916800468,38.67474636325424
342728842510050176,28.110791535935174,0.037804402,37.75091682644627,0.039813966,2.36846806141033,0.04469124,9.907066284383117,0.053564887,-11.892065509301045,0.055096414,1.0301815,15.851452,16.65957,14.963184,0.0005309360326451,0.0048439403241207,0.0020034522203801,153300281107411751,17.0025005340576,15.8781003952026,15.3480997085571,15.1103000640869,0.0063599999994039,0.0027449999470263,0.00290900003165,0.0030739998910576,1.0,1,0,0,28.11073584785711,37.75096968005766
342801272838362880,27.759483106859896,0.0659804,38.26875613311445,0.058026277,2.3023156634155892,0.07271143,10.103322445257804,0.0729218,-11.434317342654264,0.07371237,0.9146932,16.653748,17.683628,15.668328,0.0009151747005296,0.011756509404671,0.0038934645625349,153920277594203151,18.077600479126,16.81130027771,16.068000793457,15.7222003936768,0.0054600001312792,0.0034920000471174,0.0020310000982135,0.0046600000932812,1.0,1,0,0,27.759425913033407,38.26880695228876
342912254793586688,29.132593693005983,0.047616467,37.74945795173284,0.04290087,2.175141451792974,0.056951508,9.793972353543287,0.059360236,-11.620240181799527,0.06591885,0.9153562,16.19701,17.07611,15.267048,0.000671040587086,0.0067866811166736,0.0027019410718313,153300291325720005,17.4804000854492,16.2679004669189,15.6493997573853,15.3849000930786,0.008271999657154,0.0024820000398904,0.0020560000557452,0.0055040000006556,1.0,1,0,0,29.132538641720384,37.74950959723196
342501793358845824,28.63889676802156,0.10269855,37.28579959205882,0.11369443,2.191680456692254,0.11579612,9.128105560462563,0.1402546,-11.496155438223091,0.17761727,1.0826252,17.649944,19.071644,16.502949,0.0013643218776679,0.0305339819375432,0.0064453601363697,152740286388083585,19.3560009002686,18.1016998291016,16.9507999420166,16.4120006561279,0.023657999932766,0.0069470000453293,0.0020769999828189,0.0097049996256828,0.959,1,0,0,28.638845777348077,37.28585068607206
342531789410540544,29.11215262968448,0.053097833,37.56256492137211,0.05560504,2.1909734437715263,0.06553921,9.460309847265204,0.07058913,-11.522072062034932,0.08761876,0.9658243,16.723623,17.874472,15.651368,0.00084811887336,0.0113212106974295,0.0032082188325315,153070291121205714,18.3120994567871,17.0527992248535,16.0674991607666,15.641900062561,0.0055979997850954,0.0032810000702738,0.0013530000578612,0.0028129999991506,0.9996666666666668,1,0,0,29.112099587574622,37.5626161305694
342715132974478208,27.953441638221587,0.040959615,37.48689526143381,0.041689683,2.281134497482824,0.049171045,9.846160979550133,0.04584324,-12.07708733986203,0.05171302,0.93862265,16.03375,16.993343,15.045163,0.0006337195119402,0.0064038105897268,0.0021630860846428,152980279533824952,17.4172992706299,16.2227001190186,15.4841003417969,15.1170997619629,0.0064099999144673,0.0078849997371435,0.0029529999010264,0.0010250000050291,1.0,1,0,0,27.953386488684796,37.48694893736472
342755844968223744,28.366615476310592,0.100834444,38.01067037862258,0.07914027,2.403106467078429,0.11361052,10.100647814398693,0.11048218,-12.301117940362577,0.09705018,1.0220926,17.274223,18.604189,16.154064,0.0013029572774147,0.0242192596920355,0.0054304944090469,153610283665823445,18.9132995605469,17.7210998535156,16.5937004089355,16.0842990875244,0.0253919996321201,0.0050249998457729,0.0024019998963922,0.0019769999198615,0.9776666666666668,1,0,0,28.36655849950553,38.01072505024412
342907921170688896,29.210285524890104,0.045623664,37.65992298131787,0.044693343,2.399009755665928,0.0529573,10.1999822353271,0.05688072,-11.477545237618706,0.06723602,1.1314236,15.9037,16.903568,14.907875,0.0005958423989273,0.0065237050118723,0.002246706525415,153190292102552564,17.328800201416,16.0694999694824,15.3049001693726,14.9841995239258,0.0048380000516772,0.0027970001101493,0.002860999898985,0.0007740000146441,1.0,1,0,0,29.21022826066572,37.6599739926162
342917133876421760,29.282592439815815,0.050707296,37.82437672481399,0.03808721,2.125667377731142,0.055887617,9.796028917367584,0.05405964,-11.93556911474518,0.0567311,1.036136,15.79449,16.561998,14.912287,0.0005665168562936,0.0054876462842603,0.0021897673882385,153380292825669908,16.8999996185303,15.8088998794556,15.2973003387451,15.0684995651245,0.0045260000042617,0.0024900001008063,0.0018200000049546,0.0028180000372231,0.9996666666666668,1,0,0,29.282537321119083,37.82442977177499
342924521220052224,29.015973323213316,0.09768273,37.76647931319589,0.088109314,2.30886223984047,0.118015,9.891976095269642,0.121827446,-11.993089846478862,0.11700772,0.91368407,17.352661,18.462868,16.296543,0.0012952047434014,0.0216143511261249,0.0062614474300192,153320290160610165,18.9115009307861,17.6585006713867,16.7143993377686,16.2877998352051,0.0111990002915263,0.0030360000673681,0.0028850000817328,0.0037229999434202,0.9973333333333332,1,0,0,29.015917708258826,37.76653261580435
342924688723126528,29.019659661950712,0.045953147,37.77989609296602,0.044787526,2.367063462816954,0.061591145,9.7335722080675,0.055255745,-11.905075280625155,0.056831703,1.0059234,16.026106,16.873737,15.114192,0.0006405728298627,0.0065862442391586,0.0025767760823683,153330290196386536,17.2716999053955,16.0855007171631,15.5080003738403,15.2543001174927,0.0041689998470246,0.0016060000052675,0.0032420000061392,0.0024709999561309,1.0,1,0,0,29.01960492764806,37.77994900439907
344285059484072832,27.63093667089471,0.27420855,40.05516496456123,0.32076412,2.3122990759379225,0.32556206,9.842421234972884,0.39989197,-12.013308853270846,0.4268669,0.9945673,19.42453,21.009363,18.155907,0.0039459303197462,0.1145373918290617,0.0190879860574002,156060276309336888,21.5156002044678,20.1807994842529,18.6907005310059,18.0048007965088,0.0349249988794327,0.0258540008217096,0.0063020000234246,0.0081040002405643,0.5273333333333333,1,0,0,27.630879520792615,40.055218357030995
342752997406112000,28.228089107947817,0.05253645,37.84777272311597,0.05030764,2.2680028504728287,0.06258296,10.067754897796677,0.07163464,-11.62032024518525,0.066019475,0.9751343,16.592222,17.599285,15.604223,0.0008059314853247,0.0094194573594343,0.0032467304060085,153410282280567983,17.9825000762939,16.7504997253418,16.0097007751465,15.6673002243042,0.0094969999045133,0.0034390001092106,0.0024309998843818,0.0030839999672025,1.0,1,0,0,28.22803244238005,37.84782436897015
342943693954135936,29.47978786584975,0.077682205,38.05108619190192,0.087107934,2.120832350954964,0.09001128,9.717024627200177,0.1036875,-12.546640271333146,0.14573576,1.5917548,16.634668,17.514456,15.636444,0.0007461120591447,0.0086573103259182,0.0033219567229402,153660294797441958,17.8775997161865,16.7728996276855,16.0459003448486,15.7033996582031,0.0036329999566078,0.0046430001966655,0.0020999999251216,0.0030239999759942,0.903,1,0,0,29.479733022776333,38.051141954734824
343120371728727168,28.94962853047301,0.036270075,38.06148473154686,0.03381677,2.3292884971446326,0.043270253,9.711659186822777,0.04434597,-11.89469438729599,0.04753458,0.99330306,15.7832775,16.678406,14.846827,0.0004926330503283,0.0046980984863851,0.0018164880592222,153670289496104437,16.983699798584,15.842399597168,15.2587995529175,14.9201002120972,0.0090469997376203,0.0044789998792111,0.002030000090599,0.0007409999961964,1.0,1,0,0,28.949573709895933,38.06153759684252
343121849197470208,28.91460024384906,0.041519154,38.12717286861681,0.036146447,2.3008555763872045,0.04826614,10.022513024053408,0.04515554,-11.358272815288728,0.048904404,1.0191736,15.925108,16.765509,15.027145,0.0005233797327397,0.0048879923733628,0.0020463123814214,153750289145833244,17.1396007537842,15.9715995788574,15.4151000976563,15.1724004745483,0.005549999885261,0.001209000009112,0.0026599999982863,0.0030189999379217,1.0,1,0,0,28.914543617688604,38.127223349815736
343123773342824832,28.67782888671857,0.041326877,38.09256399329214,0.03344459,2.21601418736017,0.046745334,9.78571335543603,0.044133462,-11.856555105381837,0.047411643,0.99861574,15.753268,16.70707,14.791212,0.0005124269863544,0.0050047178321175,0.0019686588449783,153710286778141727,17.0459003448486,15.9034004211426,15.2082004547119,14.868800163269,0.0097160004079341,0.0020109999459236,0.0050459997728467,0.0028510000556707,1.0,1,0,0,28.677773624639187,38.09261668907967
342928640093210368,29.075820520722985,0.082688764,37.9726812601173,0.06452459,2.32655625675602,0.09042423,9.799775212330964,0.08257321,-11.98719209049107,0.083409,0.9527357,16.89872,17.927696,15.888595,0.000949512560089,0.0123410771361298,0.0039909276210347,153560290758347891,18.2707996368408,17.0774993896484,16.2716007232666,15.9362001419067,0.0148510001599789,0.003573999973014,0.021059000864625,0.0058309999294579,1.0,1,0,0,29.075765269733065,37.97273453651367
343159640614191232,29.085268993630965,0.15221733,38.55457600089607,0.14436574,2.0546950255451897,0.16809024,9.543228157097657,0.20590268,-11.972330423794986,0.21829261,0.97313607,18.499523,19.853426,17.334997,0.0022485530304465,0.0575492742948157,0.0127331375904808,154260290852316118,20.3246994018555,19.0133991241455,17.790599822998,17.238899230957,0.0197129994630814,0.0081839999184012,0.0035769999958574,0.0058220000937581,0.7106666666666667,1,0,0,29.08521475632404,38.55462921124099
343448262415584640,27.15846744294707,0.14002296,37.89538057296454,0.17791727,2.1777988461769913,0.18666604,10.144277014505068,0.2044108,-11.869794697134784,0.23118792,0.96326464,18.21188,19.78583,16.985308,0.0019472715598338,0.0532893948472044,0.0097168587039987,153470271584245123,20.2355995178223,18.8799991607666,17.4911003112793,16.8689994812012,0.0201110001653433,0.0052069998346269,0.0041749998927116,0.0099600004032254,0.7886666666666666,1,0,0,27.158410309772854,37.89543332759383
330702624843481856,31.53578419080294,0.11723856,37.30613517138021,0.10074374,2.4413181550595495,0.12478875,9.55770664403724,0.14160997,-12.292050054335398,0.13299793,0.98407555,17.773754,19.063831,16.664904,0.0015724574778707,0.0319103514081714,0.0079306347240522,152760315357957967,19.3983993530273,18.1814002990723,17.0911998748779,16.6060009002686,0.0140909999608994,0.0016580000519752,0.0029559999238699,0.0028349999338388,0.9113333333333332,1,0,0,31.535730785889143,37.30618980270178
330864729792772096,30.082914148642285,0.07605961,37.69625383625024,0.06511377,2.424404822027055,0.08815929,9.997200011494105,0.09249002,-11.995388067462985,0.0939812,1.0698653,16.882278,18.132055,15.790902,0.0009513790735158,0.0156353622971996,0.0039041713343361,153230300828716166,18.5009002685547,17.247200012207,16.1977005004883,15.7412996292114,0.0071220002137124,0.0027920000720769,0.0014880000380799,0.0043950001709163,0.997,1,0,0,30.082857995374535,37.69630714907278
342882636699214464,30.05348619207869,0.04282745,37.89583778479176,0.048012782,2.3831014587065464,0.05232368,9.63500393121796,0.05845483,-11.95909788613169,0.07546054,1.0621327,16.354462,17.295237,15.403218,0.000623679819451,0.0069516697171482,0.002400626078768,153470300534385666,17.6751003265381,16.4561996459961,15.7796001434326,15.4955997467041,0.0055359997786581,0.0026100000832229,0.0047010001726448,0.0037120000924915,1.0,1,0,0,30.053431926823567,37.89589093632546
342957227394740352,29.608397114367985,0.08762459,38.34214886262297,0.084083214,2.0479802744866444,0.104844935,9.294506843078205,0.11994213,-12.3950348118877,0.12605019,1.0454253,17.577082,18.71413,16.526659,0.0012486756252918,0.0211596939799804,0.0060209221751704,154010296083371213,19.127799987793,17.8743000030518,16.9372997283936,16.5221004486084,0.0125059997662902,0.0080920001491904,0.003169999923557,0.0048799999058246,0.5643333333333334,1,0,0,29.608344445892357,38.342203951654795
343474410177401088,26.317180731207284,0.10548626,37.69227553357036,0.09612406,2.431581431765739,0.13182804,10.259978514335096,0.12658899,-11.550980849939627,0.14053561,1.0128738,17.469109,18.824984,16.318327,0.0013385240104313,0.0280221373260029,0.0060062964462296,153230263171681400,19.2509994506836,17.9993991851807,16.7845993041992,16.2185001373291,0.0097510004416108,0.0038159999530762,0.0019990000873804,0.0139380004256964,0.7983333333333333,1,0,0,26.31712310503259,37.69232687124901
319401569455164544,26.378790363356728,0.08716056,37.38681044751545,0.07786857,2.1609250757709426,0.09606694,10.085789202163925,0.12854877,-11.22309022009261,0.09681154,1.1031237,17.41952,18.776016,16.283709,0.0011520308448193,0.0242533584341347,0.0054101422611855,152860263787724836,19.0834999084473,17.827299118042,16.7129993438721,16.1870002746582,0.0091880001127719,0.0058969999663531,0.0052399998530745,0.0014420000370591,0.8213333333333334,1,0,0,26.37873394713327,37.38686032790304
322765074307943168,24.766597939887944,0.039324775,38.581888003398184,0.030289046,2.334184169577524,0.047432262,10.437438988705006,0.047581162,-11.521980754321898,0.035152882,1.0067213,15.984952,16.840284,15.072088,0.0004553565186558,0.0044142836061073,0.0017460061762351,154290247665678929,17.2176990509033,16.0405006408691,15.4687004089355,15.2104997634888,0.0033990000374615,0.0031640001107007,0.0026670000515878,0.003969999961555,0.5213333333333333,1,0,0,24.76653859793656,38.58193921218655
342508317412808064,28.209316546251863,0.12203627,37.18789135114178,0.10559531,2.1263105383608494,0.15265635,9.950272604458416,0.122102104,-11.85453550658798,0.124440365,0.93209714,17.838696,19.147894,16.726395,0.0014338019999479,0.030910522364789,0.0077144687931373,152620282092906116,19.4850997924805,18.2476005554199,17.173900604248,16.6804008483887,0.0125909997150302,0.0039920001290738,0.0019769999198615,0.0063680000603199,0.845,1,0,0,28.209261035000143,37.18794403795331
342733962111154432,28.629488688713828,0.10435826,37.73563002158824,0.10393574,2.5281407508249996,0.11877104,9.860265016343227,0.13355058,-11.89256450535066,0.15156592,0.9284343,17.864634,19.090843,16.760862,0.0015687317491743,0.0317480647262454,0.0081267689970339,153280286294813420,19.5233993530273,18.274299621582,17.1914005279541,16.6984996795654,0.0159740000963211,0.0042570000514388,0.0037609999999404,0.0038509999867528,0.9316666666666666,1,0,0,28.62943327515375,37.73568287741751
342744029514480640,28.73762997778316,0.05235032,37.97263245234101,0.042700116,2.175753550564895,0.060958933,9.90543202702526,0.052357484,-12.000631461552604,0.05775998,0.9548178,15.968496,16.80635,15.056382,0.000629960741399,0.0060975060524718,0.0024093220980368,153560287376057811,17.146900177002,16.0053997039795,15.4413003921509,15.177300453186,0.0071129999123513,0.005202000029385,0.0035540000535547,0.0031190000008791,1.0,1,0,0,28.73757413113874,37.97268578846763
329535493250321280,33.43156834979266,0.059156086,35.97253840764793,0.053292044,2.312888272626305,0.06920988,9.489280156554091,0.07273465,-12.075404354400964,0.07455631,1.1411744,16.452034,17.432968,15.472552,0.000749048167212,0.0081599383564627,0.0028918527847184,151160334315797673,17.8540000915527,16.5921001434326,15.8705997467041,15.5497999191284,0.0039169997908175,0.0021389999892562,0.001803999999538,0.005747000221163,0.99,1,0,0,33.43151623725238,35.97259207610047
329874963170035328,32.26294513175026,0.14974846,36.81883715848169,0.1282221,2.265023520898368,0.16624624,9.63095295523526,0.18189144,-12.110072610065494,0.19246839,0.9826706,18.153692,19.631367,16.979343,0.0017448318350639,0.0424587796108762,0.0092212010418666,152180322629243238,20.0210990905762,18.744800567627,17.4412002563477,16.8542003631592,0.0323869995772839,0.0158070009201765,0.0038209999911487,0.0038040000945329,0.872,1,0,0,32.26289166213522,36.818890981014654
330679496443757568,31.39452786732812,0.17079769,37.2560022333068,0.13661197,2.240118988704745,0.17670849,9.47901647716296,0.20776795,-12.145049005966118,0.18208857,0.9472734,18.378502,20.157066,17.168055,0.0020860552452053,0.071122037075717,0.0106838201994224,152700313945117834,20.3339004516602,19.0786991119385,17.6704998016357,17.0296993255615,0.0242839995771647,0.0083020003512501,0.003698999993503,0.0036849998869001,0.8643333333333333,1,0,0,31.394474937374813,37.256056211290606
330932899514410112,31.0519552884372,0.097867794,37.9785209152364,0.11299918,2.250702834264497,0.12373578,9.730050434556782,0.14143209,-11.756642012201986,0.17311549,1.1175388,17.554224,18.894121,16.414865,0.0013415109933683,0.0266216827370489,0.0057387148233915,153570310519454863,19.2805995941162,18.0198001861572,16.8726005554199,16.3549995422363,0.0073060002177953,0.0075179999694228,0.0019880000036209,0.0030420001130551,0.9796666666666668,1,0,0,31.05190042619066,37.978573166965944
330946952647133440,30.718422039927265,0.087192275,37.6989230674481,0.0970647,2.245909918424098,0.10801843,9.110719638082404,0.11102219,-12.092522869721687,0.1413928,0.9938072,17.625809,19.063648,16.48067,0.0012880273246937,0.0283884808332426,0.0059221696295111,153230307183889408,19.3810997009277,18.1119003295898,16.9347991943359,16.3959007263184,0.0071479999460279,0.003309000050649,0.0025470000691711,0.0073629999533295,0.9716666666666668,1,0,0,30.71837086408791,37.69897681198312
330823223229842816,29.70550916352603,0.07063941,37.16685092711933,0.079983495,2.3005110233594928,0.090499125,9.878398894476083,0.109757036,-12.44323318958621,0.14291854,0.98734003,17.186739,18.250881,16.066132,0.0011651158037317,0.0167274739123407,0.0046771269737603,152600297054980902,18.6471996307373,17.411600112915,16.515100479126,16.1179008483887,0.0144039997830987,0.0059079998172819,0.002597999991849,0.005810999777168,0.997,1,0,0,29.705454068592967,37.16690623036519
331387551869347840,32.58004803943813,0.063801885,37.17765933206013,0.06684926,2.3261438510672647,0.07627938,8.964860106261531,0.08665928,-12.088882293949364,0.0943471,1.0162144,17.145603,18.27724,16.093319,0.0009938977518474,0.0148936017032185,0.0044537789883435,152610325800173818,18.6926002502441,17.4288997650146,16.5004005432129,16.0750007629395,0.0084520000964403,0.0041149999015033,0.0023709998931735,0.0023179999552667,0.7233333333333334,1,0,0,32.579998032446184,37.177713060415385
330935171553194368,31.10151263278576,0.116496116,38.06326870376336,0.12423348,2.3079082109824713,0.13929527,9.622667663624284,0.15356277,-11.874711563056229,0.18738092,1.0610307,17.581163,18.944563,16.44345,0.001460206658038,0.0270537183521272,0.0057479726175988,153670311014906573,19.3106994628906,18.065299987793,16.9062995910645,16.3693008422852,0.0111020002514124,0.0099809998646378,0.0058490000665187,0.0040959999896585,0.9836666666666668,1,0,0,31.101458313225613,38.06332148024669
331350890028798464,33.21379796804487,0.039026678,37.13398287145024,0.039562732,2.2615983094293863,0.049110655,9.477608492282403,0.053995784,-11.829181854168478,0.060787186,1.0443445,15.927044,16.910418,14.926835,0.0005510160492787,0.0044431522810509,0.0015855131199894,152560332137611411,17.3208999633789,16.0757999420166,15.3303003311157,14.9917001724243,0.002995999995619,0.0034119999036192,0.0038000000640749,0.001604999997653,1.0,1,0,0,33.213745131417966,37.13403544558009
342479420873044480,29.24619793021723,0.20040192,37.36679481757113,0.21267727,2.2499865935581456,0.27326038,9.932803427521817,0.31140393,-12.070603002870882,0.3356811,1.1263922,18.573118,19.990004,17.431816,0.0025703849572665,0.0639378629757818,0.0137006467332566,152840292461730816,20.3159008026123,19.1061000823975,17.8612995147705,17.3222999572754,0.009978000074625,0.0089410003274679,0.0023219999857246,0.0027159999590367,0.741,1,0,0,29.24614238456278,37.36684846468261
342618719548277760,27.784993035652185,0.064350806,37.336288269364566,0.045971457,2.3210368301201916,0.06582325,9.908386653743534,0.06640618,-11.841175006068193,0.05635309,0.948662,16.580332,17.56614,15.599176,0.0007314626205396,0.0084561718792453,0.0029074711803359,152800277849694200,17.9374008178711,16.7178993225098,15.9940004348755,15.6695003509521,0.0049399998970329,0.0048159998841583,0.0028919999022036,0.0019950000569224,1.0,1,0,0,27.784937649052523,37.33634089679612
342752340274863488,28.326050350520905,0.24874826,37.9486379101778,0.24398999,2.5190271431940614,0.2980415,10.047991751951216,0.31183368,-11.82562397087766,0.28898293,1.0278728,19.138798,20.678984,17.89943,0.0034988163089405,0.1124452326049005,0.0198849937384743,153530283260319004,21.1429004669189,19.7817993164063,18.4099998474121,17.7794990539551,0.0516350008547306,0.0133889997377992,0.0065460000187158,0.00378999998793,0.6316666666666667,1,0,0,28.32599371863417,37.94869046849299
342775601817648768,27.996389901792103,0.0931634,37.81735746434414,0.09946578,2.481733085394167,0.108650655,10.188837693723018,0.13268907,-11.53680589272654,0.13804775,0.92758113,17.581814,19.022285,16.430962,0.0013080880007368,0.027504553487017,0.0056907445070731,153380279963141469,19.3469009399414,18.0946998596191,16.8892002105713,16.3388004302979,0.0102340001612902,0.0029819998890161,0.0021629999391734,0.0045230002142489,0.8893333333333333,1,0,0,27.996332578356125,37.817408739023115
342913178210782080,29.111995873310132,0.12716743,37.79182891043191,0.11037266,2.2658141085606527,0.14796303,9.854153824795766,0.16850637,-12.059716934921784,0.17144619,1.0233585,17.828163,19.173563,16.7172,0.0017051645239812,0.0366549890952032,0.0087729795855066,153350291119670840,19.5065002441406,18.2366008758545,17.1567993164063,16.6455001831055,0.0301789995282888,0.0057489997707307,0.0053940000943839,0.0027689998969435,0.9853333333333332,1,0,0,29.111940451998517,37.79188250916086
342918405186719872,29.44042795141997,0.060357764,37.90819058800229,0.057713777,2.2740671385362705,0.073967755,9.570201962969758,0.079371125,-11.696197359286597,0.08988267,1.061423,16.551834,17.606142,15.519797,0.0007385920742958,0.0107697556749375,0.0034000878326956,153490294403870485,18.0235004425049,16.7656002044678,15.9407997131348,15.5488996505737,0.0077410000376403,0.0026050000451505,0.0020910000894218,0.0014209999935701,1.0,1,0,0,29.440374042088603,37.908242571089374
342924486860314752,29.0038951187085,0.04580487,37.753803382337566,0.04441375,2.256141454453442,0.05473911,9.712459404337794,0.05781711,-11.65388388900666,0.059641372,0.99782777,16.111135,16.988058,15.183088,0.0006442059574331,0.0073671759917273,0.0027818437018786,153300290038765225,17.3687000274658,16.1805000305176,15.5806999206543,15.315299987793,0.0052299997769296,0.0032279998995363,0.0025919999461621,0.0029080000240355,1.0,1,0,0,29.003840522395645,37.753855177364485
343048452500144768,29.909228367841223,0.10750368,38.38998605191956,0.116664395,2.218422584077543,0.1332707,9.727465238274958,0.13946475,-11.868636328407252,0.16285127,0.9850911,17.589848,18.788683,16.492752,0.0014760467219847,0.0264612744511497,0.0073238514501702,154060299092008635,19.2143001556396,17.9552001953125,16.9258995056152,16.4671993255615,0.0106180002912879,0.0047129997983574,0.0035570000763982,0.0036689999978989,0.9716666666666668,1,0,0,29.90917320951046,38.39003880140143
342470830941498624,29.05154924452438,0.17710318,37.19328799444459,0.22436999,2.1817663413016564,0.21835776,10.047343180046656,0.3135496,-11.632729978720498,0.5342189,1.0022594,18.63686,20.103163,17.464611,0.0027315688138127,0.0761752780676054,0.0148025079555902,152630290515282591,20.5202007293701,19.2402000427246,17.934700012207,17.3701000213623,0.0596130006015301,0.0158810000866652,0.0055280001834034,0.0071629998274147,0.7033333333333334,1,0,0,29.051493187723334,37.19333969545351
342643351185889664,26.86136489814916,0.1341827,37.02520397075505,0.12742877,2.3863476094580593,0.1489217,10.423938570221262,0.17948976,-11.834310529516284,0.16643173,0.8991763,18.225971,19.688818,17.038836,0.0018868589923899,0.0483526340062488,0.0096625771098923,152430268613300872,20.0459003448486,18.7936992645264,17.50119972229,16.8906002044678,0.0212869998067617,0.0056489999406039,0.0040609999559819,0.0003910000086762,0.802,1,0,0,26.861306869155857,37.02525656767661
342731316411310208,28.437276757713704,0.06441532,37.5952889501736,0.067907356,2.263840744886671,0.07740194,10.146961216982817,0.09218221,-11.9306777245403,0.1069226,1.061049,16.952415,18.060802,15.888456,0.0009291210950763,0.0133706673381271,0.0038130710450302,153110284372454972,18.4500007629395,17.2005996704102,16.3206005096436,15.9111003875732,0.0069570001214742,0.0027979998849332,0.0028840000741183,0.004842999856919,1.0,1,0,0,28.43721984067251,37.59534197539426
342856106685107584,29.322048912258666,0.16072534,37.4891294947839,0.1798763,2.0150947973451645,0.22478062,9.70437982683088,0.22405417,-12.202350277456638,0.29224384,1.0419141,18.516302,20.061003,17.358557,0.002366435716471,0.0601528845269781,0.0120878893775627,152980293220187604,20.2723999023438,19.0802993774414,17.7954998016357,17.2287006378174,0.0316950008273125,0.0078750001266598,0.0050739999860525,0.0067329998128116,0.5823333333333334,1,0,0,29.321994555229097,37.48918372743935
343126139869458688,28.795012663655164,0.18939744,38.22338309597346,0.18979168,2.0293821594635197,0.22482304,9.87384612672871,0.22580993,-11.56662712999198,0.28415543,1.0511748,18.76803,20.15493,17.586065,0.0024708258875497,0.0611078520558084,0.0137548620918469,153860287949928698,20.6257991790771,19.3274002075195,18.0592002868652,17.5002994537354,0.0309960003942251,0.0071620000526309,0.0033670000266283,0.0059580001980066,0.6136666666666667,1,0,0,28.794956803747937,38.22343450319192
343584331275828736,27.966675900902302,0.101859935,38.53239262546344,0.11688837,2.2390960479785833,0.1420522,10.169204495859526,0.12412019,-12.151210480797635,0.13229351,1.0182616,17.914585,19.077957,16.805979,0.0015136168001851,0.0281196263486401,0.0076918112890896,154230279665919530,19.2737998962402,18.3665008544922,17.2696990966797,16.7070999145508,0.0107810003682971,0.0087040001526475,0.0067349998280406,0.0052959998138248,0.925,1,0,0,27.966618123789367,38.53244663082915
342544120260537728,28.64081429846221,0.10469865,37.55939835031171,0.11865348,2.148982071592659,0.12700921,9.66226608172977,0.15540971,-11.852559583356385,0.17882657,1.0064139,17.847042,19.122278,16.748272,0.0015815334408034,0.033357809693527,0.0080450760315473,153070286407811911,19.4778995513916,18.2528991699219,17.1679992675781,16.6891994476318,0.0186020005494356,0.006632000207901,0.0025669999886304,0.0027240000199526,0.9386666666666666,1,0,0,28.640760126324565,37.559451028341925
342728460256590208,28.05326707705325,0.26869088,37.78997088210144,0.259872,2.3402594376343613,0.2791125,9.896160748377598,0.34559423,-12.497213577933922,0.31733742,1.1805046,18.716919,20.25154,17.46656,0.0026634028110493,0.0731293722039697,0.0131142561739294,153340280532098647,20.6462001800537,19.3983001708984,17.9713001251221,17.3437995910645,0.0396180003881454,0.0070329997688531,0.005460999906063,0.0064599998295307,0.5566666666666666,1,0,0,28.05321142088617,37.79002642525979
342867827651877504,29.437818783289917,0.042776115,37.721479961227466,0.037936196,2.3667287932821073,0.06783677,9.542263359965489,0.05216953,-11.683174213780044,0.05970953,1.0359654,15.445626,16.347494,14.493386,0.0004784483394083,0.0049142427717822,0.0018315860617841,153260294377676380,16.6634998321533,15.5641002655029,14.864800453186,14.5796003341675,0.0163230001926422,0.0024149999953806,0.0045190001837909,0.0070560001768171,1.0,1,0,0,29.437765167109013,37.72153188643406
342921527627318528,29.193215572385153,0.075254604,37.91819315363374,0.07039857,2.3332383111846946,0.08908699,9.890895517387031,0.093271405,-11.742344399428683,0.110557,1.0116487,17.092783,18.171465,16.036175,0.0010252174198397,0.0157013304290961,0.0051104376952471,153500291932022521,18.5466003417969,17.3421993255615,16.4538993835449,16.0606002807617,0.0162049997597933,0.0032909999135881,0.0030539999715983,0.0039249998517334,1.0,1,0,0,29.193159848997784,37.91824534181793
342924830457696768,28.968436791011467,0.14026071,37.78898917992819,0.119396776,2.628584543841016,0.16133368,9.927761300905107,0.15911067,-11.934807497640588,0.15940385,0.9721092,18.063864,19.377321,16.934975,0.0017468252930461,0.0426613263667867,0.0098430566856317,153340289684197449,19.7311992645264,18.5002994537354,17.3875999450684,16.8773994445801,0.0222290009260178,0.0056099998764693,0.0028830000665038,0.0043680001981556,0.665,1,0,0,28.96838095786604,37.7890422235039
342579446367442816,27.253201447729857,0.029209908,36.838446284634934,0.033708204,2.3511941053752192,0.036575973,10.285553411418404,0.03719745,-12.019704139785691,0.046254873,0.9412698,15.631207,16.410282,14.7657,0.0004641474494969,0.0039147958255706,0.0016879718042255,152200272532026777,16.7525005340576,15.6370000839233,15.1421003341675,14.9511003494263,0.0034539999905973,0.0071020000614225,0.0012270000297576,0.0032790000550448,1.0,1,0,0,27.25314432923348,36.83849970552856
342866380247065728,29.61057380044352,0.14269865,37.728325634887966,0.09843759,2.155730562416812,0.14169897,10.48913755280347,0.1472272,-11.470088423894609,0.12534447,1.1287735,17.480062,18.679966,16.365236,0.001354197657348,0.0242651056426052,0.0060685209031404,153270296105194632,19.0650005340576,17.8334999084473,16.8059005737305,16.3369007110596,0.017475999891758,0.0042559998109936,0.0091490000486373,0.0032170000486075,0.8433333333333334,1,0,0,29.610514858507983,37.72837661304406
342469804442558464,29.101224293674683,0.060765754,37.15793337782702,0.070227936,2.2253921146940994,0.07757945,9.525867716371412,0.08819916,-12.088036459277475,0.12779701,0.99503255,16.951689,18.149908,15.862014,0.0009688059643503,0.0150442040014503,0.0040096274285142,152590291012000171,18.5795993804932,17.3185005187988,16.2938995361328,15.828800201416,0.0062509998679161,0.0029329999815672,0.0022360000293701,0.0052729998715221,0.9993333333333332,1,0,0,29.101171171187435,37.15798710242165
342511925185420416,28.51658402560808,0.116725266,37.25963108557986,0.11367401,2.452740956044594,0.13088259,10.244980460650886,0.14377032,-11.815274075387832,0.1748838,0.9837456,17.816101,19.004915,16.72292,0.0015923447597747,0.0290137333574664,0.0083093476368235,152710285165612190,19.4682998657227,18.224100112915,17.1392002105713,16.6613006591797,0.0109879998490214,0.0123779997229576,0.0035210000351071,0.0015989999519661,0.9226666666666666,1,0,0,28.516526815827675,37.259683597895325
342931736765085312,29.05008356706712,0.03314814,38.01354572628688,0.027249703,2.3554935324436777,0.038444594,9.66601527949003,0.034076065,-11.076158015840978,0.033029456,1.1205198,14.968587,15.716482,14.126027,0.0003835550649463,0.0027342301534907,0.0013050775966298,153610290500836933,16.0102005004883,14.9813003540039,14.5121002197266,14.2976999282837,0.0028739999979734,0.0024600001052022,0.0021500000730156,0.0011210000375285,1.0,1,0,0,29.050029039816785,38.01359495367195
342937161308419968,29.27670815062007,0.1443631,38.12581408272954,0.15522662,2.183464976685684,0.17414244,9.376549806691004,0.20234382,-12.25630815459872,0.26262674,1.0649103,18.220888,19.509636,17.10183,0.0019427657962254,0.0423294256587061,0.0103882826447812,153750292766901627,19.9050998687744,18.6686000823975,17.5312004089355,17.0048007965088,0.0229170005768538,0.005555999930948,0.0043529998511076,0.0046219998039305,0.8236666666666667,1,0,0,29.27665517506802,38.12586855519834
342924830457696640,28.9710083456737,0.041051034,37.78935963140354,0.036269035,2.3349883755861236,0.04820056,10.088247408363635,0.046138123,-11.46345021251052,0.04723046,0.96253455,15.82691,16.658619,14.924786,0.0005364049405398,0.0049546936732285,0.0019971232752036,153340289709887897,16.8922996520996,15.8284997940063,15.285400390625,15.0125999450684,0.0043879998847842,0.0043190000578761,0.0039070001803338,0.0036810000892728,1.0,1,0,0,28.970951609681027,37.78941058005754
342961354859633792,29.363035434727152,0.19394645,38.22954076117866,0.21377799,2.3927337446639307,0.2369363,9.313498347236422,0.27347383,-12.311859213937003,0.36476618,1.0436502,18.808155,20.190016,17.642706,0.0027999772791936,0.0749152795132649,0.0160398081240112,153870293629856112,20.6154003143311,19.3731002807617,18.1004009246826,17.5363998413086,0.0277389995753765,0.0090579995885491,0.0049149999395012,0.0075659998692572,0.6526666666666666,1,0,0,29.362982740446427,38.22959548054117
342854805311070976,29.418880752371876,0.027840767,37.44686885370831,0.030201772,2.340271134304402,0.0349269,9.931988881368987,0.035694234,-11.61520363514327,0.04087858,0.95890975,15.506641,16.261818,14.654794,0.0004375775002367,0.0034734500617079,0.0015408314823437,152930294188486900,16.5793991088867,15.5207996368408,15.0348997116089,14.8261995315552,0.0038109999150037,0.0017239999724552,0.0026519999373704,0.0020959998946636,1.0,1,0,0,29.41882515188113,37.446920476822555
342913938420759680,29.190565344001403,0.0568802,37.79517242609554,0.044206887,2.126192089628229,0.06477247,9.905298564767795,0.06356401,-11.574831782564775,0.06587181,1.0126635,16.09558,16.960354,15.172372,0.0006733349010595,0.0065962142733768,0.0026038937298876,153350291905424858,17.3612995147705,16.1525001525879,15.5649003982544,15.2948999404907,0.0042929998598992,0.0036869999021291,0.0028729999903589,0.0018179999897256,0.9976666666666668,1,0,0,29.19050963252421,37.795223869779235
342928438230207232,29.08997319005004,0.10830159,37.96348159374793,0.09141566,2.35419104574151,0.12423866,9.393510902053947,0.11169555,-11.968256904884342,0.11281352,1.0419887,17.433714,18.599472,16.362196,0.0013133246554521,0.026767186382533,0.0065970046557499,153550290899546843,19.0090007781982,17.744800567627,16.7823009490967,16.3351993560791,0.0282039996236563,0.0076850000768899,0.004220999777317,0.0049629998393356,0.9946666666666668,1,0,0,29.08992023620813,37.96353478598896
343438916566722688,27.155001119109578,0.061311223,37.79591147026674,0.06506347,2.381407288282609,0.07502858,10.07191021212817,0.07609629,-11.343617048152606,0.08608706,1.0866523,16.864326,17.94099,15.8296585,0.0008725028998533,0.012181354826118,0.0036507769146305,153350271549535752,18.3537006378174,17.0928001403809,16.243200302124,15.8446998596191,0.0102070001885295,0.0036659999750554,0.0028379999566823,0.0054779998026788,0.997,1,0,0,27.154944469973973,37.795961886328946
329188386877985664,30.982840966348572,0.082284085,34.40387070111829,0.08603225,2.3576251566823205,0.094594136,9.575199688666586,0.12312275,-12.135590358605056,0.12676944,1.1647818,17.013662,18.097113,15.982606,0.0010665669202163,0.0144293532895109,0.0042825878928893,149280309828015301,18.5140991210938,17.2292995452881,16.3955993652344,16.0114002227783,0.0094969999045133,0.0033239999320358,0.0026690000668168,0.0028810000512749,0.9613333333333334,1,0,0,30.98278938745754,34.40392463706462
342702827892893824,28.12830647660644,0.0848556,37.424548177565526,0.09308482,2.509143635246779,0.10219717,10.15196347220289,0.100857705,-12.04194038323178,0.11940906,1.1713684,17.2065,18.30776,16.156733,0.0010941338589745,0.0170640413156087,0.0050170947225397,152910281282800106,18.7455997467041,17.4978008270264,16.5781002044678,16.1578998565674,0.0079690003767609,0.0026410000864416,0.0020900000818073,0.0040790000930428,0.916,1,0,0,28.128249661616213,37.42460169728697
342866487622080640,29.556210286084767,0.09675568,37.71262295584109,0.064369015,2.389735748261396,0.100231595,9.662551751572668,0.092974916,-12.01902512287619,0.0849603,1.0082927,16.793072,17.810833,15.783863,0.0009578970226475,0.0125469618347236,0.0041062773556343,153250295561635788,18.2532997131348,16.9911003112793,16.1891994476318,15.8416996002197,0.0092369997873902,0.0044709998182952,0.0030229999683797,0.0021550001110881,0.9993333333333332,1,0,0,29.55615600051516,37.71267637371808
330497561628557824,31.4520726476043,0.121241376,36.380983544221536,0.12021176,2.237098198938161,0.13484976,9.418714903923233,0.15746255,-11.111509463531318,0.18061458,0.8949328,17.953363,19.327139,16.813955,0.0016939102608512,0.0378961817970339,0.0082755445446971,151650314520527819,19.7297992706299,18.4113006591797,17.2637996673584,16.710599899292,0.01227100007236,0.0049729999154806,0.0036210000980645,0.0016139999497681,0.7216666666666667,1,0,0,31.452020652243696,36.38103292869678
343140639679427712,28.606667733895257,0.095106386,38.28041105112878,0.10137333,2.308656866962866,0.118007995,10.02747264090164,0.10105728,-11.472546886082505,0.12558274,0.96298754,17.606882,18.821644,16.518196,0.001304216511949,0.023521989753134,0.0063748066120361,153930286066507137,19.2359008789063,17.9668998718262,16.9398002624512,16.4803009033203,0.0138210002332926,0.0055309999734163,0.0032679999712854,0.0028659999370575,0.9943333333333332,1,0,0,28.60661096033467,38.28046204021237
343503860768248192,26.395438726009864,0.038959343,38.23189546844089,0.04382244,2.3425757212979077,0.048147768,10.169750877415586,0.04969607,-11.603659771683436,0.055650227,0.9198053,16.225185,17.140436,15.280066,0.0005871496247461,0.0062282682000899,0.002245515292979,153870263954008949,17.5249004364014,16.3066997528076,15.6695003509521,15.3753004074097,0.0025480000767856,0.0035190000198781,0.0029380000196397,0.0035260000731796,1.0,1,0,0,26.395381185329143,38.23194704024805
342753267987747456,28.20112823557522,0.07019744,37.87450969855632,0.07007566,2.1659547162195008,0.08106508,9.897021092103047,0.09766571,-11.783347511386232,0.09503265,0.9614306,17.070639,18.172758,16.028969,0.001047945888956,0.0161481658882915,0.0046639036231006,153450282010940070,18.5697994232178,17.3281002044678,16.4437007904053,16.0387001037598,0.0062460000626742,0.0036939999554306,0.0024290001019835,0.0059219999238848,0.996,1,0,0,28.201072510757175,37.874562068976566
342902217453498368,29.95307883556016,0.037718207,38.14836994365927,0.04331531,2.266732932103227,0.04646305,9.58662296495815,0.049119942,-12.165146291904325,0.059107907,0.9401632,16.048681,17.076216,15.044727,0.0006015753442693,0.006329079550131,0.002114925938605,153770299530438700,17.4759998321533,16.217399597168,15.4472999572754,15.0909996032715,0.0085859997197985,0.0015020000282675,0.0001950000005308,0.002117000054568,1.0,1,0,0,29.953024656395076,38.14842401096368
342922081678720000,29.24402941418648,0.1940873,37.96758766704187,0.16639996,1.9922231091349605,0.21380645,9.559111021619849,0.21951355,-12.410621352393097,0.28051335,0.9287847,18.450901,20.163395,17.265858,0.0023153146725867,0.0714821947967347,0.0120796399016418,153560292439951740,20.3514003753662,19.093900680542,17.74169921875,17.1180000305176,0.014809999614954,0.0062040002085268,0.0041290000081062,0.0046259998343884,0.5053333333333333,1,0,0,29.243975523795513,37.967642825346694
342928953626296192,28.90745621120096,0.059690922,37.84905739352199,0.043584213,2.0886693281177253,0.061256703,8.78155807246623,0.07932359,-11.848670004127944,0.059163004,1.4462388,15.547207,16.396059,14.628141,0.000494728449813,0.0043579749373892,0.0017719915186016,153410289074189525,16.7199993133545,15.6204996109009,15.0353002548218,14.7487001419067,0.0093809999525547,0.0046680001541972,0.0017460000235587,0.0013930000131949,0.8063333333333333,1,0,0,28.907406784029195,37.84911005426723
342934000212423808,29.26368266968384,0.23524365,38.01782426008741,0.22892183,2.465247898535124,0.28889072,9.747530699412929,0.26890185,-11.563143876392148,0.36994797,1.0080763,18.889008,20.646217,17.727055,0.0030424531035867,0.1097952314601576,0.0175168742829132,153620292636742035,20.7390995025635,19.4813003540039,18.1986999511719,17.601900100708,0.0417860001325607,0.0108479997143149,0.0057419999502599,0.0070739998482167,0.6853333333333333,1,0,0,29.263627679414885,38.01787565182517
342483234804070784,29.228855046936225,0.043150917,37.45147831874792,0.048038516,2.309472276500228,0.056110077,9.699378446165005,0.059669316,-11.918694097419266,0.07710087,0.99920225,16.301752,17.385433,15.259755,0.0007003919022758,0.0084555632805386,0.0027622705635378,152940292288282428,17.8010005950928,16.5519008636475,15.6791000366211,15.2958002090454,0.0100910002365708,0.0040000001899898,0.0017669999506324,0.0033040000125765,1.0,1,0,0,29.228800745280335,37.45153129070927
342546353643538560,28.82972197672238,0.0723105,37.573011348881906,0.08501377,2.3062562934996924,0.087175325,10.014047916493816,0.09495482,-12.107488103865933,0.12706336,0.96801263,17.326118,18.448166,16.269213,0.0011213404574912,0.0191047717969804,0.0053484441633255,153080288296798254,18.8941993713379,17.6235008239746,16.6812000274658,16.2686996459961,0.0056500001810491,0.0045380000956356,0.0026310000102967,0.0066030002199113,1.0,1,0,0,28.82966582203444,37.57306515992685
342790823181886464,27.58501970020055,0.11250737,37.998595703481925,0.10315336,2.248794248969608,0.1250123,10.2136936844129,0.1447992,-11.586268898331474,0.13204311,1.0735476,17.909836,19.377678,16.723866,0.0014644406237137,0.0359143338644609,0.006919051514475,153590275849628950,19.6849994659424,18.4316005706787,17.1816005706787,16.6121006011963,0.015812000259757,0.0055069997906684,0.0032959999516606,0.0068859998136758,0.9723333333333334,1,0,0,27.584962095203924,37.998647197996306
342851983516545024,29.69793435843456,0.22831115,37.567624958531155,0.21902353,2.065912369454728,0.2744856,9.791038793200697,0.28793254,-12.381658311165534,0.29159743,1.0190501,18.572344,20.14568,17.358389,0.0027981277610414,0.0787978102605782,0.0149662680832812,153080296979251801,20.4129009246826,19.1354007720947,17.8642997741699,17.2821006774902,0.0197330005466938,0.0074800001457333,0.0030469999182969,0.00697400001809,0.5813333333333334,1,0,0,29.697879458260275,37.567679988110946
342868579270330112,29.430162837750075,0.16555996,37.73823293999575,0.15281345,2.0851956658068698,0.2555725,9.237951534685926,0.21233879,-12.45346054147856,0.22101276,0.95962715,17.913713,19.345634,16.746675,0.0016876685276751,0.0374935589264579,0.0082435030813122,153280294301206544,19.7315998077393,18.4524993896484,17.1958999633789,16.6583003997803,0.0108510004356503,0.0058160000480711,0.0021160000469535,0.0050479997880756,0.6066666666666667,1,0,0,29.43011091969339,37.73828828869788
342887996818380160,30.06381945445554,0.09575884,38.01326329350638,0.09166701,2.3061727317314156,0.10919775,9.994477018656594,0.1231794,-11.832051393610424,0.13372695,1.2391484,17.534544,18.681864,16.450562,0.0012452279916792,0.020220474835451,0.0057808279032016,153610300637696564,19.1200008392334,17.8540992736816,16.8768005371094,16.4214000701904,0.0092759998515248,0.0040009999647736,0.0042679999023675,0.0039029999170452,0.9973333333333332,1,0,0,30.063763074557315,38.013315880388
342890810021140992,29.65609873627294,0.2218787,37.840747503275786,0.19165294,2.081530947041182,0.24714278,9.864373026741086,0.2619518,-11.44256222102848,0.252034,0.9914426,18.656195,20.00634,17.473608,0.0027905216777803,0.0647596701206718,0.0153349353184853,153400296560459556,20.5184993743896,19.2290000915527,17.9503993988037,17.3838996887207,0.042994998395443,0.0086829997599124,0.0040119998157024,0.0033470001071691,0.6766666666666666,1,0,0,29.656043220713354,37.840798359094855
342916339307105152,29.39491291258242,0.09712935,37.81834457906881,0.08538132,2.133422693986575,0.12302023,10.439951668683252,0.10808173,-11.48051343478162,0.12973627,1.1515802,16.869213,17.962297,15.847679,0.0009631410005634,0.0149969407641672,0.004581120986684,153380293948752679,18.3455009460449,17.0946006774902,16.255500793457,15.8730001449585,0.0090159997344017,0.0042240000329911,0.00219799997285,0.0017569999909028,0.897,1,0,0,29.394854175568454,37.81839560355837
342921046590987392,29.313283787817493,0.06743977,37.92707307685466,0.062785305,2.34056509809671,0.07742235,9.316724105521091,0.08611961,-12.302333872974746,0.10042719,0.9974146,16.844982,18.00129,15.776738,0.0009181516139423,0.0133863501484495,0.0037661730421364,153510293132593160,18.4102001190186,17.1476001739502,16.2047996520996,15.769100189209,0.0062989997677505,0.0029859999194741,0.0015229999553412,0.0029559999238699,0.9996666666666668,1,0,0,29.313231292860348,37.92712775388244
342929881339809792,28.964817771452715,0.17297345,37.940766771544745,0.14000666,2.0994497002964048,0.19051263,9.952778139188569,0.1649503,-12.035331393420025,0.2021635,1.0048862,18.070395,19.29397,16.94693,0.0018038644948795,0.0379347978671608,0.0096716551460463,153520289647949586,19.7772998809814,18.516300201416,17.3924999237061,16.8778991699219,0.0227129999548197,0.0039809998124837,0.0040420000441372,0.0032860001083463,0.7776666666666666,1,0,0,28.964761682210977,37.94082026189319
342903355620147328,29.825047597774052,0.27232796,38.109694139110786,0.34467685,2.231985892826053,0.3387043,9.597441096509051,0.36251378,-11.353892191060591,0.46019417,1.0151675,19.376774,20.904026,18.181845,0.0039680063169122,0.1310042252585653,0.0232513902444259,153730298250092279,21.440299987793,20.1504993438721,18.6602993011475,17.9930992126465,0.0517890006303787,0.0211950000375509,0.0058969999663531,0.0057120001874864,0.543,1,0,0,29.824993386203477,38.10974460084141
342911017843002240,29.2524464165494,0.080147825,37.77025618877618,0.06430883,2.4760048559520373,0.090317085,9.641310151595649,0.08916541,-11.43374907898556,0.086129725,1.1416671,16.462095,17.523663,15.418862,0.0008612379098971,0.010792408074977,0.0031694983262842,153320292524114952,17.9890995025635,16.7157001495361,15.8306999206543,15.4423999786377,0.0045269997790455,0.0042300000786781,0.0028979999478906,0.0047980002127587,0.9776666666666668,1,0,0,29.2523922081295,37.770307005426325
342929430367116544,28.961499602303792,0.17668238,37.88603900651757,0.10953957,2.0178567458926846,0.17348059,9.50552875262484,0.175647,-11.727379419237351,0.14696422,0.9650346,17.896452,19.211931,16.786304,0.0016996773152861,0.035683973422076,0.0085097134567518,153460289614693917,19.5571002960205,18.3463001251221,17.2254009246826,16.7254009246826,0.0068379999138414,0.0041579999960959,0.0028919999022036,0.0050960001535713,0.6573333333333333,1,0,0,28.9614460733907,37.88609112819176
